port,share_of_strangers
Marennes,0.15979851224198235
Lorient,0.2895682775563108
Le Havre,0.3310994539239973
Bordeaux,0.4868977364442108
Dunkerque,0.5573914096936826
Rouen,0.14707355267446204
Saint Malo,0.15947060909820612
Nantes,0.2616634929270947
Marseille,0.3721170395869191
La Rochelle,0.08350746932242575
