port,share_of_strangers
Bordeaux,0.4868977364442108
Le Havre,0.3310994539239973
Rouen,0.14707355267446204
Nantes,0.2616634929270947
Marennes,0.15979851224198235
Saint Malo,0.15947060909820612
Dunkerque,0.5573914096936826
Lorient,0.2895682775563108
La Rochelle,0.08350746932242575
Marseille,0.3721170395869191
