port,share_of_strangers
Marseille,0.0
Marennes,0.9935649935649936
Rouen,0.7562799616490892
Le Havre,0.5934672215646596
Saint Malo,0.014089798985534472
Dunkerque,0.8694638694638694
Nantes,0.4969049917655744
Lorient,0.6642724299365099
La Rochelle,0.2276272869096582
Bordeaux,0.4187718600631355
