port,share_of_strangers
La Rochelle,0.08879107627374133
Marennes,0.16995188364590738
Nantes,0.26947415946345477
Marseille,0.3380624239967572
Le Havre,0.321928878018368
Rouen,0.14935855658079786
Dunkerque,0.5738758442609525
Lorient,0.3061825641025641
Bordeaux,0.4923481756048734
Saint Malo,0.1444548185434765
