port,share_of_strangers
Dunkerque,0.7711595095086767
Saint Malo,0.14612262337107457
Le Havre,0.5905069138857134
Nantes,0.366781748623682
Lorient,0.6023406374501992
Marennes,0.992192464820699
Rouen,0.6891275562748271
Bordeaux,0.4299810479632315
La Rochelle,0.19302926707245893
Marseille,0.5833333333333334
