port,share_of_strangers
Marennes,0.2535970825505581
Marseille,0.2857142857142857
Nantes,0.3056224936118361
La Rochelle,0.1308982951734065
Le Havre,0.5609114930943365
Lorient,0.3957200058322772
Saint Malo,0.17333417465926299
Bordeaux,0.4138040690947719
Dunkerque,0.7267422008381189
Rouen,0.2397042320640728
