port,share_of_strangers
Le Havre,0.3070645850247966
Lorient,0.38164569969820544
Rouen,0.23910143371923637
Bordeaux,0.49502125557848686
Saint Malo,0.14319661830229635
Marseille,0.34275618374558303
Marennes,0.2526589302622597
La Rochelle,0.12620035933337465
Nantes,0.30597738873425867
Dunkerque,0.6043314961329896
