port,share_of_strangers
La Rochelle,0.08350746932242575
Le Havre,0.3310994539239973
Dunkerque,0.5573914096936826
Marseille,0.3721170395869191
Bordeaux,0.4868977364442108
Rouen,0.14707355267446204
Saint Malo,0.15947060909820612
Nantes,0.2616634929270947
Lorient,0.2895682775563108
Marennes,0.15979851224198235
